"Problem","Package","File","Priority","Line","Description","Rule set","Rule"
"1","com.globalresolvewws","src/com/globalresolvewws/BaseScreen.java","3","3","No need to import a type that lives in the same package","Import Statement Rules","ImportFromSamePackage"
"2","com.globalresolvewws","src/com/globalresolvewws/BaseScreen.java","3","19","This class has too many methods, consider refactoring it.","Code Size Rules","TooManyMethods"
"3","com.globalresolvewws","src/com/globalresolvewws/BaseScreen.java","3","22","Avoid variables with short names like D","Naming Rules","ShortVariable"
"4","com.globalresolvewws","src/com/globalresolvewws/BaseScreen.java","3","25","Avoid excessively long variable names like MESSAGE_STATE_CHANGE","Naming Rules","LongVariable"
"5","com.globalresolvewws","src/com/globalresolvewws/BaseScreen.java","3","28","Avoid excessively long variable names like MESSAGE_DEVICE_NAME","Naming Rules","LongVariable"
"6","com.globalresolvewws","src/com/globalresolvewws/BaseScreen.java","3","36","Avoid excessively long variable names like REQUEST_CONNECT_DEVICE","Naming Rules","LongVariable"
"7","com.globalresolvewws","src/com/globalresolvewws/BaseScreen.java","3","40","Avoid excessively long variable names like mConnectedDeviceName","Naming Rules","LongVariable"
"8","com.globalresolvewws","src/com/globalresolvewws/BaseScreen.java","3","40","Found non-transient, non-static member. Please mark as transient or provide accessors.","JavaBean Rules","BeanMembersShouldSerialize"
"9","com.globalresolvewws","src/com/globalresolvewws/BaseScreen.java","3","42","Found non-transient, non-static member. Please mark as transient or provide accessors.","JavaBean Rules","BeanMembersShouldSerialize"
"10","com.globalresolvewws","src/com/globalresolvewws/BaseScreen.java","3","44","Avoid excessively long variable names like mConnectionHandler","Naming Rules","LongVariable"
"11","com.globalresolvewws","src/com/globalresolvewws/BaseScreen.java","3","44","Found non-transient, non-static member. Please mark as transient or provide accessors.","JavaBean Rules","BeanMembersShouldSerialize"
"12","com.globalresolvewws","src/com/globalresolvewws/BaseScreen.java","3","46","Found non-transient, non-static member. Please mark as transient or provide accessors.","JavaBean Rules","BeanMembersShouldSerialize"
"13","com.globalresolvewws","src/com/globalresolvewws/BaseScreen.java","3","49","Parameter 'savedInstanceState' is not assigned and could be declared final","Optimization Rules","MethodArgumentCouldBeFinal"
"14","com.globalresolvewws","src/com/globalresolvewws/BaseScreen.java","3","75","Local variable 'btnMapView' could be declared final","Optimization Rules","LocalVariableCouldBeFinal"
"15","com.globalresolvewws","src/com/globalresolvewws/BaseScreen.java","3","79","Avoid variables with short names like v","Naming Rules","ShortVariable"
"16","com.globalresolvewws","src/com/globalresolvewws/BaseScreen.java","3","79","Parameter 'v' is not assigned and could be declared final","Optimization Rules","MethodArgumentCouldBeFinal"
"17","com.globalresolvewws","src/com/globalresolvewws/BaseScreen.java","3","80","Local variable 'mapScreen' could be declared final","Optimization Rules","LocalVariableCouldBeFinal"
"18","com.globalresolvewws","src/com/globalresolvewws/BaseScreen.java","3","93","Avoid if (x != y) ..; else ..;","Design Rules","ConfusingTernary"
"19","com.globalresolvewws","src/com/globalresolvewws/BaseScreen.java","3","94","Local variable 'enableIntent' could be declared final","Optimization Rules","LocalVariableCouldBeFinal"
"20","com.globalresolvewws","src/com/globalresolvewws/BaseScreen.java","3","111","Found non-transient, non-static member. Please mark as transient or provide accessors.","JavaBean Rules","BeanMembersShouldSerialize"
"21","com.globalresolvewws","src/com/globalresolvewws/BaseScreen.java","3","113","Parameter 'msg' is not assigned and could be declared final","Optimization Rules","MethodArgumentCouldBeFinal"
"22","com.globalresolvewws","src/com/globalresolvewws/BaseScreen.java","3","114","Switch statements should have a default label","Design Rules","SwitchStmtsShouldHaveDefault"
"23","com.globalresolvewws","src/com/globalresolvewws/BaseScreen.java","3","116","Switch statements should have a default label","Design Rules","SwitchStmtsShouldHaveDefault"
"24","com.globalresolvewws","src/com/globalresolvewws/BaseScreen.java","3","147","Overriding method merely calls super","Basic Rules","UselessOverridingMethod"
"25","com.globalresolvewws","src/com/globalresolvewws/BaseScreen.java","3","153","Use block level rather than method level synchronization","Design Rules","AvoidSynchronizedAtMethodLevel"
"26","com.globalresolvewws","src/com/globalresolvewws/BaseScreen.java","3","162","These nested if statements could be combined","Basic Rules","CollapsibleIfStatements"
"27","com.globalresolvewws","src/com/globalresolvewws/BaseScreen.java","3","173","super should be called at the end of the method","Android Rules","CallSuperLast"
"28","com.globalresolvewws","src/com/globalresolvewws/BaseScreen.java","3","179","Avoid using if statements without curly braces","Braces Rules","IfStmtsMustUseBraces"
"29","com.globalresolvewws","src/com/globalresolvewws/BaseScreen.java","3","180","Log.d calls should be protected by checking Config.LOGD first","Android Rules","ProtectLogD"
"30","com.globalresolvewws","src/com/globalresolvewws/BaseScreen.java","3","182","Local variable 'discoverableIntent' could be declared final","Optimization Rules","LocalVariableCouldBeFinal"
"31","com.globalresolvewws","src/com/globalresolvewws/BaseScreen.java","3","190","Parameter 'data' is not assigned and could be declared final","Optimization Rules","MethodArgumentCouldBeFinal"
"32","com.globalresolvewws","src/com/globalresolvewws/BaseScreen.java","3","190","Parameter 'requestCode' is not assigned and could be declared final","Optimization Rules","MethodArgumentCouldBeFinal"
"33","com.globalresolvewws","src/com/globalresolvewws/BaseScreen.java","1","191","A switch with less than 3 branches is inefficient, use a if statement instead.","Design Rules","TooFewBranchesForASwitchStatement"
"34","com.globalresolvewws","src/com/globalresolvewws/BaseScreen.java","3","191","Switch statements should have a default label","Design Rules","SwitchStmtsShouldHaveDefault"
"35","com.globalresolvewws","src/com/globalresolvewws/BaseScreen.java","3","196","Local variable 'address' could be declared final","Optimization Rules","LocalVariableCouldBeFinal"
"36","com.globalresolvewws","src/com/globalresolvewws/BaseScreen.java","1","226","A switch with less than 3 branches is inefficient, use a if statement instead.","Design Rules","TooFewBranchesForASwitchStatement"
"37","com.globalresolvewws","src/com/globalresolvewws/BaseScreen.java","3","226","Switch statements should have a default label","Design Rules","SwitchStmtsShouldHaveDefault"
"38","com.globalresolvewws","src/com/globalresolvewws/BaseScreen.java","3","231","A method should have only one exit point, and that should be the last statement in the method","Controversial Rules","OnlyOneReturn"
"39","com.globalresolvewws","src/com/globalresolvewws/BaseScreen.java","3","235","A method should have only one exit point, and that should be the last statement in the method","Controversial Rules","OnlyOneReturn"
"40","com.globalresolvewws","src/com/globalresolvewws/BluetoothConnectionHandler.java","3","35","This class has too many methods, consider refactoring it.","Code Size Rules","TooManyMethods"
"41","com.globalresolvewws","src/com/globalresolvewws/BluetoothConnectionHandler.java","3","39","Avoid variables with short names like D","Naming Rules","ShortVariable"
"42","com.globalresolvewws","src/com/globalresolvewws/BluetoothConnectionHandler.java","3","44","Found non-transient, non-static member. Please mark as transient or provide accessors.","JavaBean Rules","BeanMembersShouldSerialize"
"43","com.globalresolvewws","src/com/globalresolvewws/BluetoothConnectionHandler.java","3","45","Found non-transient, non-static member. Please mark as transient or provide accessors.","JavaBean Rules","BeanMembersShouldSerialize"
"44","com.globalresolvewws","src/com/globalresolvewws/BluetoothConnectionHandler.java","3","46","Found non-transient, non-static member. Please mark as transient or provide accessors.","JavaBean Rules","BeanMembersShouldSerialize"
"45","com.globalresolvewws","src/com/globalresolvewws/BluetoothConnectionHandler.java","3","47","Found non-transient, non-static member. Please mark as transient or provide accessors.","JavaBean Rules","BeanMembersShouldSerialize"
"46","com.globalresolvewws","src/com/globalresolvewws/BluetoothConnectionHandler.java","3","48","Found non-transient, non-static member. Please mark as transient or provide accessors.","JavaBean Rules","BeanMembersShouldSerialize"
"47","com.globalresolvewws","src/com/globalresolvewws/BluetoothConnectionHandler.java","3","61","Avoid unused constructor parameters such as 'context'.","Unused Code Rules","UnusedFormalParameter"
"48","com.globalresolvewws","src/com/globalresolvewws/BluetoothConnectionHandler.java","3","61","Parameter 'context' is not assigned and could be declared final","Optimization Rules","MethodArgumentCouldBeFinal"
"49","com.globalresolvewws","src/com/globalresolvewws/BluetoothConnectionHandler.java","3","61","Parameter 'handler' is not assigned and could be declared final","Optimization Rules","MethodArgumentCouldBeFinal"
"50","com.globalresolvewws","src/com/globalresolvewws/BluetoothConnectionHandler.java","3","71","Parameter 'state' is not assigned and could be declared final","Optimization Rules","MethodArgumentCouldBeFinal"
"51","com.globalresolvewws","src/com/globalresolvewws/BluetoothConnectionHandler.java","3","71","Use block level rather than method level synchronization","Design Rules","AvoidSynchronizedAtMethodLevel"
"52","com.globalresolvewws","src/com/globalresolvewws/BluetoothConnectionHandler.java","3","72","Avoid using if statements without curly braces","Braces Rules","IfStmtsMustUseBraces"
"53","com.globalresolvewws","src/com/globalresolvewws/BluetoothConnectionHandler.java","3","72","Log.d calls should be protected by checking Config.LOGD first","Android Rules","ProtectLogD"
"54","com.globalresolvewws","src/com/globalresolvewws/BluetoothConnectionHandler.java","3","80","Use block level rather than method level synchronization","Design Rules","AvoidSynchronizedAtMethodLevel"
"55","com.globalresolvewws","src/com/globalresolvewws/BluetoothConnectionHandler.java","3","87","Use block level rather than method level synchronization","Design Rules","AvoidSynchronizedAtMethodLevel"
"56","com.globalresolvewws","src/com/globalresolvewws/BluetoothConnectionHandler.java","3","88","Avoid using if statements without curly braces","Braces Rules","IfStmtsMustUseBraces"
"57","com.globalresolvewws","src/com/globalresolvewws/BluetoothConnectionHandler.java","3","88","Log.d calls should be protected by checking Config.LOGD first","Android Rules","ProtectLogD"
"58","com.globalresolvewws","src/com/globalresolvewws/BluetoothConnectionHandler.java","3","91","Assigning an Object to null is a code smell.  Consider refactoring.","Controversial Rules","NullAssignment"
"59","com.globalresolvewws","src/com/globalresolvewws/BluetoothConnectionHandler.java","3","93","Assigning an Object to null is a code smell.  Consider refactoring.","Controversial Rules","NullAssignment"
"60","com.globalresolvewws","src/com/globalresolvewws/BluetoothConnectionHandler.java","3","106","Parameter 'device' is not assigned and could be declared final","Optimization Rules","MethodArgumentCouldBeFinal"
"61","com.globalresolvewws","src/com/globalresolvewws/BluetoothConnectionHandler.java","3","106","Use block level rather than method level synchronization","Design Rules","AvoidSynchronizedAtMethodLevel"
"62","com.globalresolvewws","src/com/globalresolvewws/BluetoothConnectionHandler.java","3","107","Avoid using if statements without curly braces","Braces Rules","IfStmtsMustUseBraces"
"63","com.globalresolvewws","src/com/globalresolvewws/BluetoothConnectionHandler.java","3","107","Log.d calls should be protected by checking Config.LOGD first","Android Rules","ProtectLogD"
"64","com.globalresolvewws","src/com/globalresolvewws/BluetoothConnectionHandler.java","3","111","Assigning an Object to null is a code smell.  Consider refactoring.","Controversial Rules","NullAssignment"
"65","com.globalresolvewws","src/com/globalresolvewws/BluetoothConnectionHandler.java","3","111","These nested if statements could be combined","Basic Rules","CollapsibleIfStatements"
"66","com.globalresolvewws","src/com/globalresolvewws/BluetoothConnectionHandler.java","3","115","Assigning an Object to null is a code smell.  Consider refactoring.","Controversial Rules","NullAssignment"
"67","com.globalresolvewws","src/com/globalresolvewws/BluetoothConnectionHandler.java","3","127","Parameter 'device' is not assigned and could be declared final","Optimization Rules","MethodArgumentCouldBeFinal"
"68","com.globalresolvewws","src/com/globalresolvewws/BluetoothConnectionHandler.java","3","127","Use block level rather than method level synchronization","Design Rules","AvoidSynchronizedAtMethodLevel"
"69","com.globalresolvewws","src/com/globalresolvewws/BluetoothConnectionHandler.java","3","128","Avoid using if statements without curly braces","Braces Rules","IfStmtsMustUseBraces"
"70","com.globalresolvewws","src/com/globalresolvewws/BluetoothConnectionHandler.java","3","128","Log.d calls should be protected by checking Config.LOGD first","Android Rules","ProtectLogD"
"71","com.globalresolvewws","src/com/globalresolvewws/BluetoothConnectionHandler.java","3","131","Assigning an Object to null is a code smell.  Consider refactoring.","Controversial Rules","NullAssignment"
"72","com.globalresolvewws","src/com/globalresolvewws/BluetoothConnectionHandler.java","3","144","Local variable 'msg' could be declared final","Optimization Rules","LocalVariableCouldBeFinal"
"73","com.globalresolvewws","src/com/globalresolvewws/BluetoothConnectionHandler.java","3","145","Local variable 'bundle' could be declared final","Optimization Rules","LocalVariableCouldBeFinal"
"74","com.globalresolvewws","src/com/globalresolvewws/BluetoothConnectionHandler.java","3","157","Avoid using if statements without curly braces","Braces Rules","IfStmtsMustUseBraces"
"75","com.globalresolvewws","src/com/globalresolvewws/BluetoothConnectionHandler.java","3","157","Log.d calls should be protected by checking Config.LOGD first","Android Rules","ProtectLogD"
"76","com.globalresolvewws","src/com/globalresolvewws/BluetoothConnectionHandler.java","3","171","Avoid variables with short names like r","Naming Rules","ShortVariable"
"77","com.globalresolvewws","src/com/globalresolvewws/BluetoothConnectionHandler.java","3","188","Local variable 'msg' could be declared final","Optimization Rules","LocalVariableCouldBeFinal"
"78","com.globalresolvewws","src/com/globalresolvewws/BluetoothConnectionHandler.java","3","189","Local variable 'bundle' could be declared final","Optimization Rules","LocalVariableCouldBeFinal"
"79","com.globalresolvewws","src/com/globalresolvewws/BluetoothConnectionHandler.java","3","202","Local variable 'msg' could be declared final","Optimization Rules","LocalVariableCouldBeFinal"
"80","com.globalresolvewws","src/com/globalresolvewws/BluetoothConnectionHandler.java","3","214","To be compliant to J2EE, a webapp should not use any thread.","J2EE Rules","DoNotUseThreads"
"81","com.globalresolvewws","src/com/globalresolvewws/BluetoothConnectionHandler.java","3","218","It is a good practice to call super() in a constructor","Controversial Rules","CallSuperInConstructor"
"82","com.globalresolvewws","src/com/globalresolvewws/BluetoothConnectionHandler.java","5","233","Found 'DD'-anomaly for variable 'socket' (lines '233'-'240').","Controversial Rules","DataflowAnomalyAnalysis"
"83","com.globalresolvewws","src/com/globalresolvewws/BluetoothConnectionHandler.java","5","233","Found 'DU'-anomaly for variable 'socket' (lines '233'-'269').","Controversial Rules","DataflowAnomalyAnalysis"
"84","com.globalresolvewws","src/com/globalresolvewws/BluetoothConnectionHandler.java","5","240","Found 'DU'-anomaly for variable 'socket' (lines '240'-'269').","Controversial Rules","DataflowAnomalyAnalysis"
"85","com.globalresolvewws","src/com/globalresolvewws/BluetoothConnectionHandler.java","3","249","Switch statements should have a default label","Design Rules","SwitchStmtsShouldHaveDefault"
"86","com.globalresolvewws","src/com/globalresolvewws/BluetoothConnectionHandler.java","3","287","To be compliant to J2EE, a webapp should not use any thread.","J2EE Rules","DoNotUseThreads"
"87","com.globalresolvewws","src/com/globalresolvewws/BluetoothConnectionHandler.java","3","291","It is a good practice to call super() in a constructor","Controversial Rules","CallSuperInConstructor"
"88","com.globalresolvewws","src/com/globalresolvewws/BluetoothConnectionHandler.java","3","352","To be compliant to J2EE, a webapp should not use any thread.","J2EE Rules","DoNotUseThreads"
"89","com.globalresolvewws","src/com/globalresolvewws/BluetoothConnectionHandler.java","3","357","It is a good practice to call super() in a constructor","Controversial Rules","CallSuperInConstructor"
"90","com.globalresolvewws","src/com/globalresolvewws/BluetoothConnectionHandler.java","5","377","Found 'DU'-anomaly for variable 'buffer' (lines '377'-'395').","Controversial Rules","DataflowAnomalyAnalysis"
"91","com.globalresolvewws","src/com/globalresolvewws/DatabaseHandler.java","3","27","Parameter 'context' is not assigned and could be declared final","Optimization Rules","MethodArgumentCouldBeFinal"
"92","com.globalresolvewws","src/com/globalresolvewws/DatabaseHandler.java","3","41","Avoid variables with short names like db","Naming Rules","ShortVariable"
"93","com.globalresolvewws","src/com/globalresolvewws/DatabaseHandler.java","3","41","Parameter 'db' is not assigned and could be declared final","Optimization Rules","MethodArgumentCouldBeFinal"
"94","com.globalresolvewws","src/com/globalresolvewws/DatabaseHandler.java","3","42","Avoid excessively long variable names like CREATE_WEATHER_TABLE","Naming Rules","LongVariable"
"95","com.globalresolvewws","src/com/globalresolvewws/DatabaseHandler.java","3","42","Local variable 'CREATE_WEATHER_TABLE' could be declared final","Optimization Rules","LocalVariableCouldBeFinal"
"96","com.globalresolvewws","src/com/globalresolvewws/DatabaseHandler.java","3","53","Avoid variables with short names like db","Naming Rules","ShortVariable"
"97","com.globalresolvewws","src/com/globalresolvewws/DatabaseHandler.java","3","53","Parameter 'db' is not assigned and could be declared final","Optimization Rules","MethodArgumentCouldBeFinal"
"98","com.globalresolvewws","src/com/globalresolvewws/DatabaseHandler.java","3","53","Parameter 'newVersion' is not assigned and could be declared final","Optimization Rules","MethodArgumentCouldBeFinal"
"99","com.globalresolvewws","src/com/globalresolvewws/DatabaseHandler.java","3","53","Parameter 'oldVersion' is not assigned and could be declared final","Optimization Rules","MethodArgumentCouldBeFinal"
"100","com.globalresolvewws","src/com/globalresolvewws/DatabaseHandler.java","3","65","Avoid variables with short names like db","Naming Rules","ShortVariable"
"101","com.globalresolvewws","src/com/globalresolvewws/DatabaseHandler.java","3","65","Local variable 'db' could be declared final","Optimization Rules","LocalVariableCouldBeFinal"
"102","com.globalresolvewws","src/com/globalresolvewws/DatabaseHandler.java","3","67","Local variable 'values' could be declared final","Optimization Rules","LocalVariableCouldBeFinal"
"103","com.globalresolvewws","src/com/globalresolvewws/DatabaseHandler.java","3","89","Avoid variables with short names like db","Naming Rules","ShortVariable"
"104","com.globalresolvewws","src/com/globalresolvewws/DatabaseHandler.java","3","89","Local variable 'db' could be declared final","Optimization Rules","LocalVariableCouldBeFinal"
"105","com.globalresolvewws","src/com/globalresolvewws/DatabaseHandler.java","3","90","Local variable 'cursor' could be declared final","Optimization Rules","LocalVariableCouldBeFinal"
"106","com.globalresolvewws","src/com/globalresolvewws/DatabaseHandler.java","3","94","Avoid if (x != y) ..; else ..;","Design Rules","ConfusingTernary"
"107","com.globalresolvewws","src/com/globalresolvewws/DatabaseHandler.java","3","104","A method should have only one exit point, and that should be the last statement in the method","Controversial Rules","OnlyOneReturn"
"108","com.globalresolvewws","src/com/globalresolvewws/DatabaseHandler.java","3","120","Avoid variables with short names like db","Naming Rules","ShortVariable"
"109","com.globalresolvewws","src/com/globalresolvewws/DatabaseHandler.java","3","125","Avoid instantiating new objects inside loops","Optimization Rules","AvoidInstantiatingObjectsInLoops"
"110","com.globalresolvewws","src/com/globalresolvewws/DeviceListActivity.java","3","47","Avoid variables with short names like D","Naming Rules","ShortVariable"
"111","com.globalresolvewws","src/com/globalresolvewws/DeviceListActivity.java","3","50","Avoid excessively long variable names like EXTRA_DEVICE_ADDRESS","Naming Rules","LongVariable"
"112","com.globalresolvewws","src/com/globalresolvewws/DeviceListActivity.java","3","50","The field name indicates a constant but its modifiers do not","Naming Rules","SuspiciousConstantFieldName"
"113","com.globalresolvewws","src/com/globalresolvewws/DeviceListActivity.java","1","50","Variables should start with a lowercase character","Naming Rules","VariableNamingConventions"
"114","com.globalresolvewws","src/com/globalresolvewws/DeviceListActivity.java","1","50","Variables that are not final should not contain underscores (except for underscores in standard prefix/suffix).","Naming Rules","VariableNamingConventions"
"115","com.globalresolvewws","src/com/globalresolvewws/DeviceListActivity.java","3","53","Found non-transient, non-static member. Please mark as transient or provide accessors.","JavaBean Rules","BeanMembersShouldSerialize"
"116","com.globalresolvewws","src/com/globalresolvewws/DeviceListActivity.java","3","54","Avoid excessively long variable names like mPairedDevicesArrayAdapter","Naming Rules","LongVariable"
"117","com.globalresolvewws","src/com/globalresolvewws/DeviceListActivity.java","3","54","Found non-transient, non-static member. Please mark as transient or provide accessors.","JavaBean Rules","BeanMembersShouldSerialize"
"118","com.globalresolvewws","src/com/globalresolvewws/DeviceListActivity.java","3","54","Perhaps 'mPairedDevicesArrayAdapter' could be replaced by a local variable.","Design Rules","SingularField"
"119","com.globalresolvewws","src/com/globalresolvewws/DeviceListActivity.java","3","55","Avoid excessively long variable names like mNewDevicesArrayAdapter","Naming Rules","LongVariable"
"120","com.globalresolvewws","src/com/globalresolvewws/DeviceListActivity.java","3","55","Found non-transient, non-static member. Please mark as transient or provide accessors.","JavaBean Rules","BeanMembersShouldSerialize"
"121","com.globalresolvewws","src/com/globalresolvewws/DeviceListActivity.java","3","58","Avoid excessively long variable names like savedInstanceState","Naming Rules","LongVariable"
"122","com.globalresolvewws","src/com/globalresolvewws/DeviceListActivity.java","3","58","Parameter 'savedInstanceState' is not assigned and could be declared final","Optimization Rules","MethodArgumentCouldBeFinal"
"123","com.globalresolvewws","src/com/globalresolvewws/DeviceListActivity.java","3","69","Local variable 'scanButton' could be declared final","Optimization Rules","LocalVariableCouldBeFinal"
"124","com.globalresolvewws","src/com/globalresolvewws/DeviceListActivity.java","3","71","Avoid variables with short names like v","Naming Rules","ShortVariable"
"125","com.globalresolvewws","src/com/globalresolvewws/DeviceListActivity.java","3","71","Parameter 'v' is not assigned and could be declared final","Optimization Rules","MethodArgumentCouldBeFinal"
"126","com.globalresolvewws","src/com/globalresolvewws/DeviceListActivity.java","3","83","Local variable 'pairedListView' could be declared final","Optimization Rules","LocalVariableCouldBeFinal"
"127","com.globalresolvewws","src/com/globalresolvewws/DeviceListActivity.java","3","88","Avoid excessively long variable names like newDevicesListView","Naming Rules","LongVariable"
"128","com.globalresolvewws","src/com/globalresolvewws/DeviceListActivity.java","3","88","Local variable 'newDevicesListView' could be declared final","Optimization Rules","LocalVariableCouldBeFinal"
"129","com.globalresolvewws","src/com/globalresolvewws/DeviceListActivity.java","3","104","Local variable 'pairedDevices' could be declared final","Optimization Rules","LocalVariableCouldBeFinal"
"130","com.globalresolvewws","src/com/globalresolvewws/DeviceListActivity.java","3","107","Substitute calls to size() == 0 (or size() != 0) with calls to isEmpty()","Design Rules","UseCollectionIsEmpty"
"131","com.globalresolvewws","src/com/globalresolvewws/DeviceListActivity.java","3","113","Local variable 'noDevices' could be declared final","Optimization Rules","LocalVariableCouldBeFinal"
"132","com.globalresolvewws","src/com/globalresolvewws/DeviceListActivity.java","3","128","super should be called at the end of the method","Android Rules","CallSuperLast"
"133","com.globalresolvewws","src/com/globalresolvewws/DeviceListActivity.java","3","135","Avoid using if statements without curly braces","Braces Rules","IfStmtsMustUseBraces"
"134","com.globalresolvewws","src/com/globalresolvewws/DeviceListActivity.java","3","135","Log.d calls should be protected by checking Config.LOGD first","Android Rules","ProtectLogD"
"135","com.globalresolvewws","src/com/globalresolvewws/DeviceListActivity.java","3","154","Found non-transient, non-static member. Please mark as transient or provide accessors.","JavaBean Rules","BeanMembersShouldSerialize"
"136","com.globalresolvewws","src/com/globalresolvewws/DeviceListActivity.java","3","154","Private field 'mDeviceClickListener' could be made final; it is only initialized in the declaration or constructor.","Design Rules","ImmutableField"
"137","com.globalresolvewws","src/com/globalresolvewws/DeviceListActivity.java","3","155","Avoid variables with short names like av","Naming Rules","ShortVariable"
"138","com.globalresolvewws","src/com/globalresolvewws/DeviceListActivity.java","3","155","Avoid variables with short names like v","Naming Rules","ShortVariable"
"139","com.globalresolvewws","src/com/globalresolvewws/DeviceListActivity.java","3","155","Parameter 'arg2' is not assigned and could be declared final","Optimization Rules","MethodArgumentCouldBeFinal"
"140","com.globalresolvewws","src/com/globalresolvewws/DeviceListActivity.java","3","155","Parameter 'arg3' is not assigned and could be declared final","Optimization Rules","MethodArgumentCouldBeFinal"
"141","com.globalresolvewws","src/com/globalresolvewws/DeviceListActivity.java","3","155","Parameter 'av' is not assigned and could be declared final","Optimization Rules","MethodArgumentCouldBeFinal"
"142","com.globalresolvewws","src/com/globalresolvewws/DeviceListActivity.java","3","175","Found non-transient, non-static member. Please mark as transient or provide accessors.","JavaBean Rules","BeanMembersShouldSerialize"
"143","com.globalresolvewws","src/com/globalresolvewws/MapScreen.java","3","26","Found non-transient, non-static member. Please mark as transient or provide accessors.","JavaBean Rules","BeanMembersShouldSerialize"
"144","com.globalresolvewws","src/com/globalresolvewws/MapScreen.java","3","26","Use explicit scoping instead of the default package private level","Controversial Rules","DefaultPackage"
"145","com.globalresolvewws","src/com/globalresolvewws/MapScreen.java","3","27","Found non-transient, non-static member. Please mark as transient or provide accessors.","JavaBean Rules","BeanMembersShouldSerialize"
"146","com.globalresolvewws","src/com/globalresolvewws/MapScreen.java","3","27","Use explicit scoping instead of the default package private level","Controversial Rules","DefaultPackage"
"147","com.globalresolvewws","src/com/globalresolvewws/MapScreen.java","3","30","Avoid excessively long variable names like savedInstanceState","Naming Rules","LongVariable"
"148","com.globalresolvewws","src/com/globalresolvewws/MapScreen.java","3","30","Parameter 'savedInstanceState' is not assigned and could be declared final","Optimization Rules","MethodArgumentCouldBeFinal"
"149","com.globalresolvewws","src/com/globalresolvewws/MapScreen.java","3","34","Local variable 'status' could be declared final","Optimization Rules","LocalVariableCouldBeFinal"
"150","com.globalresolvewws","src/com/globalresolvewws/MapScreen.java","3","37","Avoid if (x != y) ..; else ..;","Design Rules","ConfusingTernary"
"151","com.globalresolvewws","src/com/globalresolvewws/MapScreen.java","3","39","Local variable 'requestCode' could be declared final","Optimization Rules","LocalVariableCouldBeFinal"
"152","com.globalresolvewws","src/com/globalresolvewws/MapScreen.java","3","40","Local variable 'dialog' could be declared final","Optimization Rules","LocalVariableCouldBeFinal"
"153","com.globalresolvewws","src/com/globalresolvewws/MapScreen.java","3","46","Avoid variables with short names like fm","Naming Rules","ShortVariable"
"154","com.globalresolvewws","src/com/globalresolvewws/MapScreen.java","3","46","Local variable 'fm' could be declared final","Optimization Rules","LocalVariableCouldBeFinal"
"155","com.globalresolvewws","src/com/globalresolvewws/MapScreen.java","3","55","Local variable 'locationManager' could be declared final","Optimization Rules","LocalVariableCouldBeFinal"
"156","com.globalresolvewws","src/com/globalresolvewws/MapScreen.java","3","74","Parameter 'point' is not assigned and could be declared final","Optimization Rules","MethodArgumentCouldBeFinal"
"157","com.globalresolvewws","src/com/globalresolvewws/MapScreen.java","3","95","Parameter 'location' is not assigned and could be declared final","Optimization Rules","MethodArgumentCouldBeFinal"
"158","com.globalresolvewws","src/com/globalresolvewws/MapScreen.java","1","119","Method names should not start with capital letters","Naming Rules","MethodNamingConventions"
"159","com.globalresolvewws","src/com/globalresolvewws/MapScreen.java","3","119","Parameter 'EndP' is not assigned and could be declared final","Optimization Rules","MethodArgumentCouldBeFinal"
"160","com.globalresolvewws","src/com/globalresolvewws/MapScreen.java","3","119","Parameter 'StartP' is not assigned and could be declared final","Optimization Rules","MethodArgumentCouldBeFinal"
"161","com.globalresolvewws","src/com/globalresolvewws/MapScreen.java","3","127","Avoid variables with short names like a","Naming Rules","ShortVariable"
"162","com.globalresolvewws","src/com/globalresolvewws/MapScreen.java","3","130","Avoid variables with short names like c","Naming Rules","ShortVariable"
"163","com.globalresolvewws","src/com/globalresolvewws/MapScreen.java","3","132","Avoid variables with short names like km","Naming Rules","ShortVariable"
"164","com.globalresolvewws","src/com/globalresolvewws/MapScreen.java","3","134","Avoid unused local variables such as 'kmInDec'.","Unused Code Rules","UnusedLocalVariable"
"165","com.globalresolvewws","src/com/globalresolvewws/MapScreen.java","5","134","Found 'DU'-anomaly for variable 'kmInDec' (lines '134'-'140').","Controversial Rules","DataflowAnomalyAnalysis"
"166","com.globalresolvewws","src/com/globalresolvewws/MapScreen.java","3","136","Avoid unused local variables such as 'meterInDec'.","Unused Code Rules","UnusedLocalVariable"
"167","com.globalresolvewws","src/com/globalresolvewws/MapScreen.java","5","136","Found 'DU'-anomaly for variable 'meterInDec' (lines '136'-'140').","Controversial Rules","DataflowAnomalyAnalysis"
"168","com.globalresolvewws","src/com/globalresolvewws/RiskModel.java","3","23","Parameter 'currentRisk' is not assigned and could be declared final","Optimization Rules","MethodArgumentCouldBeFinal"
"169","com.globalresolvewws","src/com/globalresolvewws/RiskModel.java","3","31","Parameter 'adders' is not assigned and could be declared final","Optimization Rules","MethodArgumentCouldBeFinal"
"170","com.globalresolvewws","src/com/globalresolvewws/RiskModel.java","3","39","Parameter 'subtractors' is not assigned and could be declared final","Optimization Rules","MethodArgumentCouldBeFinal"
"171","com.globalresolvewws","src/com/globalresolvewws/RiskModel.java","3","48","Parameter 'alarmHigh' is not assigned and could be declared final","Optimization Rules","MethodArgumentCouldBeFinal"
"172","com.globalresolvewws","src/com/globalresolvewws/RiskModel.java","3","48","Parameter 'alarmHumid' is not assigned and could be declared final","Optimization Rules","MethodArgumentCouldBeFinal"
"173","com.globalresolvewws","src/com/globalresolvewws/RiskModel.java","3","50","Avoid variables with short names like WS","Naming Rules","ShortVariable"
"174","com.globalresolvewws","src/com/globalresolvewws/RiskModel.java","3","50","Local variable 'WS' could be declared final","Optimization Rules","LocalVariableCouldBeFinal"
"175","com.globalresolvewws","src/com/globalresolvewws/RiskModel.java","3","51","Local variable 'dayToConsider' could be declared final","Optimization Rules","LocalVariableCouldBeFinal"
"176","com.globalresolvewws","src/com/globalresolvewws/RiskModel.java","3","77","Avoid using if...else statements without curly braces","Braces Rules","IfElseStmtsMustUseBraces"
"177","com.globalresolvewws","src/com/globalresolvewws/RiskModel.java","3","79","Avoid using if...else statements without curly braces","Braces Rules","IfElseStmtsMustUseBraces"
"178","com.globalresolvewws","src/com/globalresolvewws/RiskModel.java","3","81","Avoid using if...else statements without curly braces","Braces Rules","IfElseStmtsMustUseBraces"
"179","com.globalresolvewws","src/com/globalresolvewws/ServiceHandler.java","3","18","Avoid using implementation types like 'ArrayList'; use the interface instead","Type Resolution Rules","LooseCoupling"
"180","com.globalresolvewws","src/com/globalresolvewws/ServiceHandler.java","3","18","Avoid using implementation types like 'ArrayList'; use the interface instead","Type Resolution Rules","LooseCoupling"
"181","com.globalresolvewws","src/com/globalresolvewws/ServiceHandler.java","3","18","Found non-transient, non-static member. Please mark as transient or provide accessors.","JavaBean Rules","BeanMembersShouldSerialize"
"182","com.globalresolvewws","src/com/globalresolvewws/ServiceHandler.java","3","22","Avoid unnecessary constructors - the compiler will generate these for you","Controversial Rules","UnnecessaryConstructor"
"183","com.globalresolvewws","src/com/globalresolvewws/ServiceHandler.java","2","29","System.out.print is used","Java Logging Rules","SystemPrintln"
"184","com.globalresolvewws","src/com/globalresolvewws/ServiceHandler.java","2","33","System.out.print is used","Java Logging Rules","SystemPrintln"
"185","com.globalresolvewws","src/com/globalresolvewws/ServiceHandler.java","3","37","Parameter 'atts' is not assigned and could be declared final","Optimization Rules","MethodArgumentCouldBeFinal"
"186","com.globalresolvewws","src/com/globalresolvewws/ServiceHandler.java","3","37","Parameter 'name' is not assigned and could be declared final","Optimization Rules","MethodArgumentCouldBeFinal"
"187","com.globalresolvewws","src/com/globalresolvewws/ServiceHandler.java","3","37","Parameter 'qName' is not assigned and could be declared final","Optimization Rules","MethodArgumentCouldBeFinal"
"188","com.globalresolvewws","src/com/globalresolvewws/ServiceHandler.java","3","37","Parameter 'uri' is not assigned and could be declared final","Optimization Rules","MethodArgumentCouldBeFinal"
"189","com.globalresolvewws","src/com/globalresolvewws/ServiceHandler.java","3","38","Local variable 'entry' could be declared final","Optimization Rules","LocalVariableCouldBeFinal"
"190","com.globalresolvewws","src/com/globalresolvewws/ServiceHandler.java","3","40","Local variable 'day' could be declared final","Optimization Rules","LocalVariableCouldBeFinal"
"191","com.globalresolvewws","src/com/globalresolvewws/ServiceHandler.java","3","44","Local variable 'low' could be declared final","Optimization Rules","LocalVariableCouldBeFinal"
"192","com.globalresolvewws","src/com/globalresolvewws/ServiceHandler.java","3","48","Local variable 'high' could be declared final","Optimization Rules","LocalVariableCouldBeFinal"
"193","com.globalresolvewws","src/com/globalresolvewws/ServiceHandler.java","3","56","Local variable 'humid' could be declared final","Optimization Rules","LocalVariableCouldBeFinal"
"194","com.globalresolvewws","src/com/globalresolvewws/SimulateData.java","3","5","Found non-transient, non-static member. Please mark as transient or provide accessors.","JavaBean Rules","BeanMembersShouldSerialize"
"195","com.globalresolvewws","src/com/globalresolvewws/SimulateData.java","1","7","Method names should not start with capital letters","Naming Rules","MethodNamingConventions"
"196","com.globalresolvewws","src/com/globalresolvewws/SimulateData.java","1","11","Method names should not start with capital letters","Naming Rules","MethodNamingConventions"
"197","com.globalresolvewws","src/com/globalresolvewws/Weather.java","3","25","Document empty constructor","Design Rules","UncommentedEmptyConstructor"
"198","com.globalresolvewws","src/com/globalresolvewws/Weather.java","3","37","Parameter 'humidity' is not assigned and could be declared final","Optimization Rules","MethodArgumentCouldBeFinal"
"199","com.globalresolvewws","src/com/globalresolvewws/Weather.java","3","37","Parameter 'latitude' is not assigned and could be declared final","Optimization Rules","MethodArgumentCouldBeFinal"
"200","com.globalresolvewws","src/com/globalresolvewws/Weather.java","3","37","Parameter 'longitude' is not assigned and could be declared final","Optimization Rules","MethodArgumentCouldBeFinal"
"201","com.globalresolvewws","src/com/globalresolvewws/Weather.java","3","37","Parameter 'maxTemp' is not assigned and could be declared final","Optimization Rules","MethodArgumentCouldBeFinal"
"202","com.globalresolvewws","src/com/globalresolvewws/Weather.java","3","37","Parameter 'minTemp' is not assigned and could be declared final","Optimization Rules","MethodArgumentCouldBeFinal"
"203","com.globalresolvewws","src/com/globalresolvewws/WeatherService.java","3","27","Avoid using implementation types like 'ArrayList'; use the interface instead","Type Resolution Rules","LooseCoupling"
"204","com.globalresolvewws","src/com/globalresolvewws/WeatherService.java","3","27","Avoid using implementation types like 'ArrayList'; use the interface instead","Type Resolution Rules","LooseCoupling"
"205","com.globalresolvewws","src/com/globalresolvewws/WeatherService.java","1","27","Method names should not start with capital letters","Naming Rules","MethodNamingConventions"
"206","com.globalresolvewws","src/com/globalresolvewws/WeatherService.java","3","31","Local variable 'location' could be declared final","Optimization Rules","LocalVariableCouldBeFinal"
"207","com.globalresolvewws","src/com/globalresolvewws/WeatherService.java","5","33","Found 'DD'-anomaly for variable 'query' (lines '33'-'35').","Controversial Rules","DataflowAnomalyAnalysis"
"208","com.globalresolvewws","src/com/globalresolvewws/WeatherService.java","3","41","Local variable 'urlObject' could be declared final","Optimization Rules","LocalVariableCouldBeFinal"
"209","com.globalresolvewws","src/com/globalresolvewws/WeatherService.java","3","43","Avoid variables with short names like in","Naming Rules","ShortVariable"
"210","com.globalresolvewws","src/com/globalresolvewws/WeatherService.java","3","43","Local variable 'in' could be declared final","Optimization Rules","LocalVariableCouldBeFinal"
"211","com.globalresolvewws","src/com/globalresolvewws/WeatherService.java","3","48","Avoid variables with short names like xr","Naming Rules","ShortVariable"
"212","com.globalresolvewws","src/com/globalresolvewws/WeatherService.java","3","48","Local variable 'xr' could be declared final","Optimization Rules","LocalVariableCouldBeFinal"
"213","com.globalresolvewws","src/com/globalresolvewws/WeatherService.java","3","51","Local variable 'ourSpecialHandler' could be declared final","Optimization Rules","LocalVariableCouldBeFinal"
"214","com.globalresolvewws","src/com/globalresolvewws/WeatherService.java","3","56","Avoid unused local variables such as 'inSource'.","Unused Code Rules","UnusedLocalVariable"
"215","com.globalresolvewws","src/com/globalresolvewws/WeatherService.java","5","56","Found 'DU'-anomaly for variable 'inSource' (lines '56'-'68').","Controversial Rules","DataflowAnomalyAnalysis"
"216","com.globalresolvewws","src/com/globalresolvewws/WeatherService.java","3","61","A method should have only one exit point, and that should be the last statement in the method","Controversial Rules","OnlyOneReturn"
"217","com.globalresolvewws","src/com/globalresolvewws/WeatherService.java","3","63","Avoid printStackTrace(); use a logger call instead.","Java Logging Rules","AvoidPrintStackTrace"
"218","com.globalresolvewws","src/com/globalresolvewws/WeatherService.java","3","65","Avoid printStackTrace(); use a logger call instead.","Java Logging Rules","AvoidPrintStackTrace"
"219","com.globalresolvewws.test","src/com/globalresolvewws/test/BaseScreenTest.java","4","7","Avoid unused imports such as 'org.powermock.api.easymock.PowerMock.mockStatic'","Type Resolution Rules","UnusedImports"
"220","com.globalresolvewws.test","src/com/globalresolvewws/test/BaseScreenTest.java","4","7","Avoid unused imports such as 'org.powermock.api.easymock.PowerMock.mockStatic'","Type Resolution Rules","UnusedImports"
"221","com.globalresolvewws.test","src/com/globalresolvewws/test/BaseScreenTest.java","4","8","Avoid unused imports such as 'org.powermock.api.easymock.PowerMock.replayAll'","Type Resolution Rules","UnusedImports"
"222","com.globalresolvewws.test","src/com/globalresolvewws/test/BaseScreenTest.java","4","8","Avoid unused imports such as 'org.powermock.api.easymock.PowerMock.replayAll'","Type Resolution Rules","UnusedImports"
"223","com.globalresolvewws.test","src/com/globalresolvewws/test/BaseScreenTest.java","4","9","Avoid unused imports such as 'org.powermock.api.easymock.PowerMock.verifyAll'","Type Resolution Rules","UnusedImports"
"224","com.globalresolvewws.test","src/com/globalresolvewws/test/BaseScreenTest.java","3","30","Found non-transient, non-static member. Please mark as transient or provide accessors.","JavaBean Rules","BeanMembersShouldSerialize"
"225","com.globalresolvewws.test","src/com/globalresolvewws/test/BaseScreenTest.java","3","31","Found non-transient, non-static member. Please mark as transient or provide accessors.","JavaBean Rules","BeanMembersShouldSerialize"
"226","com.globalresolvewws.test","src/com/globalresolvewws/test/BaseScreenTest.java","3","32","Found non-transient, non-static member. Please mark as transient or provide accessors.","JavaBean Rules","BeanMembersShouldSerialize"
"227","com.globalresolvewws.test","src/com/globalresolvewws/test/BaseScreenTest.java","3","33","Found non-transient, non-static member. Please mark as transient or provide accessors.","JavaBean Rules","BeanMembersShouldSerialize"
"228","com.globalresolvewws.test","src/com/globalresolvewws/test/BaseScreenTest.java","3","34","Avoid unused private fields such as 'mBluetoothAdapter'.","Unused Code Rules","UnusedPrivateField"
"229","com.globalresolvewws.test","src/com/globalresolvewws/test/BaseScreenTest.java","3","34","Found non-transient, non-static member. Please mark as transient or provide accessors.","JavaBean Rules","BeanMembersShouldSerialize"
"230","com.globalresolvewws.test","src/com/globalresolvewws/test/BaseScreenTest.java","3","34","Perhaps 'mBluetoothAdapter' could be replaced by a local variable.","Design Rules","SingularField"
"231","com.globalresolvewws.test","src/com/globalresolvewws/test/BaseScreenTest.java","3","40","JUnit 4 tests that set up tests should use the @Before annotation","Migration Rules","JUnit4TestShouldUseBeforeAnnotation"
"232","com.globalresolvewws.test","src/com/globalresolvewws/test/BaseScreenTest.java","3","54","JUnit 4 tests that execute tests should use the @Test annotation","Migration Rules","JUnit4TestShouldUseTestAnnotation"
"233","com.globalresolvewws.test","src/com/globalresolvewws/test/BaseScreenTest.java","3","55","JUnit assertions should include a message","JUnit Rules","JUnitAssertionsShouldIncludeMessage"
"234","com.globalresolvewws.test","src/com/globalresolvewws/test/BaseScreenTest.java","3","56","JUnit assertions should include a message","JUnit Rules","JUnitAssertionsShouldIncludeMessage"
"235","com.globalresolvewws.test","src/com/globalresolvewws/test/BaseScreenTest.java","3","56","Use assertNull(x) instead of assertTrue(x==null), or assertNotNull(x) vs assertFalse(x==null)","JUnit Rules","UseAssertNullInsteadOfAssertTrue"
"236","com.globalresolvewws.test","src/com/globalresolvewws/test/BaseScreenTest.java","3","57","JUnit assertions should include a message","JUnit Rules","JUnitAssertionsShouldIncludeMessage"
"237","com.globalresolvewws.test","src/com/globalresolvewws/test/BaseScreenTest.java","3","57","Use assertNull(x) instead of assertTrue(x==null), or assertNotNull(x) vs assertFalse(x==null)","JUnit Rules","UseAssertNullInsteadOfAssertTrue"
"238","com.globalresolvewws.test","src/com/globalresolvewws/test/BaseScreenTest.java","3","58","JUnit assertions should include a message","JUnit Rules","JUnitAssertionsShouldIncludeMessage"
"239","com.globalresolvewws.test","src/com/globalresolvewws/test/BaseScreenTest.java","3","58","Use assertNull(x) instead of assertTrue(x==null), or assertNotNull(x) vs assertFalse(x==null)","JUnit Rules","UseAssertNullInsteadOfAssertTrue"
"240","com.globalresolvewws.test","src/com/globalresolvewws/test/BaseScreenTest.java","3","60","JUnit 4 tests that execute tests should use the @Test annotation","Migration Rules","JUnit4TestShouldUseTestAnnotation"
"241","com.globalresolvewws.test","src/com/globalresolvewws/test/BaseScreenTest.java","3","61","JUnit tests should include assert() or fail()","JUnit Rules","JUnitTestsShouldIncludeAssert"
"242","com.globalresolvewws.test","src/com/globalresolvewws/test/BaseScreenTest.java","3","62","To be compliant to J2EE, a webapp should not use any thread.","J2EE Rules","DoNotUseThreads"
"243","com.globalresolvewws.test","src/com/globalresolvewws/test/DatabaseHandlerTest.java","3","14","Avoid variables with short names like db","Naming Rules","ShortVariable"
"244","com.globalresolvewws.test","src/com/globalresolvewws/test/DatabaseHandlerTest.java","3","14","Found non-transient, non-static member. Please mark as transient or provide accessors.","JavaBean Rules","BeanMembersShouldSerialize"
"245","com.globalresolvewws.test","src/com/globalresolvewws/test/DatabaseHandlerTest.java","3","15","Found non-transient, non-static member. Please mark as transient or provide accessors.","JavaBean Rules","BeanMembersShouldSerialize"
"246","com.globalresolvewws.test","src/com/globalresolvewws/test/DatabaseHandlerTest.java","3","16","Found non-transient, non-static member. Please mark as transient or provide accessors.","JavaBean Rules","BeanMembersShouldSerialize"
"247","com.globalresolvewws.test","src/com/globalresolvewws/test/DatabaseHandlerTest.java","3","18","JUnit 4 tests that set up tests should use the @Before annotation","Migration Rules","JUnit4TestShouldUseBeforeAnnotation"
"248","com.globalresolvewws.test","src/com/globalresolvewws/test/DatabaseHandlerTest.java","3","30","JUnit assertions should include a message","JUnit Rules","JUnitAssertionsShouldIncludeMessage"
"249","com.globalresolvewws.test","src/com/globalresolvewws/test/DatabaseHandlerTest.java","3","31","JUnit assertions should include a message","JUnit Rules","JUnitAssertionsShouldIncludeMessage"
"250","com.globalresolvewws.test","src/com/globalresolvewws/test/DatabaseHandlerTest.java","3","37","Local variable 'testWeather' could be declared final","Optimization Rules","LocalVariableCouldBeFinal"
"251","com.globalresolvewws.test","src/com/globalresolvewws/test/DatabaseHandlerTest.java","3","38","JUnit assertions should include a message","JUnit Rules","JUnitAssertionsShouldIncludeMessage"
"252","com.globalresolvewws.test","src/com/globalresolvewws/test/DatabaseHandlerTest.java","3","39","JUnit assertions should include a message","JUnit Rules","JUnitAssertionsShouldIncludeMessage"
"253","com.globalresolvewws.test","src/com/globalresolvewws/test/DatabaseHandlerTest.java","3","40","JUnit assertions should include a message","JUnit Rules","JUnitAssertionsShouldIncludeMessage"
"254","com.globalresolvewws.test","src/com/globalresolvewws/test/DatabaseHandlerTest.java","3","48","JUnit tests should include assert() or fail()","JUnit Rules","JUnitTestsShouldIncludeAssert"
"255","com.globalresolvewws.test","src/com/globalresolvewws/test/DatabaseHandlerTest.java","3","50","Local variable 'testWeather' could be declared final","Optimization Rules","LocalVariableCouldBeFinal"
"256","com.globalresolvewws.test","src/com/globalresolvewws/test/DatabaseHandlerTest.java","3","58","Local variable 'allWeather' could be declared final","Optimization Rules","LocalVariableCouldBeFinal"
"257","com.globalresolvewws.test","src/com/globalresolvewws/test/DatabaseHandlerTest.java","3","59","Local variable 'testWeather1' could be declared final","Optimization Rules","LocalVariableCouldBeFinal"
"258","com.globalresolvewws.test","src/com/globalresolvewws/test/DatabaseHandlerTest.java","3","60","Local variable 'testWeather2' could be declared final","Optimization Rules","LocalVariableCouldBeFinal"
"259","com.globalresolvewws.test","src/com/globalresolvewws/test/DatabaseHandlerTest.java","3","78","JUnit 4 tests that clean up tests should use the @After annotation","Migration Rules","JUnit4TestShouldUseAfterAnnotation"
"260","com.globalresolvewws.test","src/com/globalresolvewws/test/RiskModelTest.java","4","3","Avoid unused imports such as 'org.junit.Assert'","Type Resolution Rules","UnusedImports"
"261","com.globalresolvewws.test","src/com/globalresolvewws/test/RiskModelTest.java","4","3","Avoid unused imports such as 'org.junit.Assert'","Type Resolution Rules","UnusedImports"
"262","com.globalresolvewws.test","src/com/globalresolvewws/test/RiskModelTest.java","4","5","Avoid unused imports such as 'java.util.ArrayList'","Type Resolution Rules","UnusedImports"
"263","com.globalresolvewws.test","src/com/globalresolvewws/test/RiskModelTest.java","4","5","Avoid unused imports such as 'java.util.ArrayList'","Type Resolution Rules","UnusedImports"
"264","com.globalresolvewws.test","src/com/globalresolvewws/test/RiskModelTest.java","4","9","Avoid unused imports such as 'com.globalresolvewws'","Type Resolution Rules","UnusedImports"
"265","com.globalresolvewws.test","src/com/globalresolvewws/test/RiskModelTest.java","3","17","Avoid variables with short names like RM","Naming Rules","ShortVariable"
"266","com.globalresolvewws.test","src/com/globalresolvewws/test/RiskModelTest.java","3","17","Local variable 'RM' could be declared final","Optimization Rules","LocalVariableCouldBeFinal"
"267","com.globalresolvewws.test","src/com/globalresolvewws/test/RiskModelTest.java","3","21","JUnit assertions should include a message","JUnit Rules","JUnitAssertionsShouldIncludeMessage"
"268","com.globalresolvewws.test","src/com/globalresolvewws/test/WeatherServiceTest.java","4","3","Avoid unused imports such as 'org.junit.Assert'","Type Resolution Rules","UnusedImports"
"269","com.globalresolvewws.test","src/com/globalresolvewws/test/WeatherServiceTest.java","4","3","Avoid unused imports such as 'org.junit.Assert'","Type Resolution Rules","UnusedImports"
"270","com.globalresolvewws.test","src/com/globalresolvewws/test/WeatherServiceTest.java","4","9","Avoid unused imports such as 'com.globalresolvewws'","Type Resolution Rules","UnusedImports"
"271","com.globalresolvewws.test","src/com/globalresolvewws/test/WeatherServiceTest.java","4","9","Avoid unused imports such as 'com.globalresolvewws'","Type Resolution Rules","UnusedImports"
"272","com.globalresolvewws.test","src/com/globalresolvewws/test/WeatherServiceTest.java","3","17","Avoid variables with short names like WS","Naming Rules","ShortVariable"
"273","com.globalresolvewws.test","src/com/globalresolvewws/test/WeatherServiceTest.java","3","17","Local variable 'WS' could be declared final","Optimization Rules","LocalVariableCouldBeFinal"
"274","com.globalresolvewws.test","src/com/globalresolvewws/test/WeatherServiceTest.java","3","18","Avoid variables with short names like al","Naming Rules","ShortVariable"
"275","com.globalresolvewws.test","src/com/globalresolvewws/test/WeatherServiceTest.java","3","18","Local variable 'al' could be declared final","Optimization Rules","LocalVariableCouldBeFinal"
"276","com.globalresolvewws.test","src/com/globalresolvewws/test/WeatherServiceTest.java","3","19","JUnit assertions should include a message","JUnit Rules","JUnitAssertionsShouldIncludeMessage"
"277","com.globalresolvewws.test","src/com/globalresolvewws/test/WeatherTest.java","3","22","A method/constructor shouldn't explicitly throw java.lang.Exception","Type Resolution Rules","SignatureDeclareThrowsException"
"278","com.globalresolvewws.test","src/com/globalresolvewws/test/WeatherTest.java","3","22","A method/constructor shouldn't explicitly throw java.lang.Exception","Type Resolution Rules","SignatureDeclareThrowsException"
"279","com.globalresolvewws.test","src/com/globalresolvewws/test/WeatherTest.java","3","25","JUnit assertions should include a message","JUnit Rules","JUnitAssertionsShouldIncludeMessage"
"280","com.globalresolvewws.test","src/com/globalresolvewws/test/WeatherTest.java","3","26","JUnit assertions should include a message","JUnit Rules","JUnitAssertionsShouldIncludeMessage"
"281","com.globalresolvewws.test","src/com/globalresolvewws/test/WeatherTest.java","3","29","JUnit assertions should include a message","JUnit Rules","JUnitAssertionsShouldIncludeMessage"
"282","com.globalresolvewws.test","src/com/globalresolvewws/test/WeatherTest.java","3","30","JUnit assertions should include a message","JUnit Rules","JUnitAssertionsShouldIncludeMessage"
"283","com.globalresolvewws.test","src/com/globalresolvewws/test/WeatherTest.java","3","31","JUnit assertions should include a message","JUnit Rules","JUnitAssertionsShouldIncludeMessage"
